<?xml version="1.0" encoding="UTF-8"?>
<project-private xmlns="http://www.netbeans.org/ns/project-private/1">
    <editor-bookmarks xmlns="http://www.netbeans.org/ns/editor-bookmarks/2" lastBookmarkId="0"/>
    <open-files xmlns="http://www.netbeans.org/ns/projectui-open-files/2">
        <group>
            <file>file:/C:/Users/pramith/Desktop/School-Management-System-master/School-Management-System-master/SchoolManagementSystem/SchoolManagementSystem/src/Home.java</file>
            <file>file:/C:/Users/pramith/Desktop/School-Management-System-master/School-Management-System-master/SchoolManagementSystem/SchoolManagementSystem/src/Welcome.java</file>
            <file>file:/C:/Users/pramith/Desktop/School-Management-System-master/School-Management-System-master/SchoolManagementSystem/SchoolManagementSystem/src/Student.java</file>
            <file>file:/C:/Users/pramith/Desktop/School-Management-System-master/School-Management-System-master/SchoolManagementSystem/SchoolManagementSystem/src/databaseConnection.java</file>
            <file>file:/C:/Users/pramith/Desktop/School-Management-System-master/School-Management-System-master/SchoolManagementSystem/SchoolManagementSystem/src/Teacher.java</file>
            <file>file:/C:/Users/pramith/Desktop/School-Management-System-master/School-Management-System-master/SchoolManagementSystem/SchoolManagementSystem/src/AllTeachers.java</file>
            <file>file:/C:/Users/pramith/Desktop/School-Management-System-master/School-Management-System-master/SchoolManagementSystem/SchoolManagementSystem/src/Pricipal.java</file>
            <file>file:/C:/Users/pramith/Desktop/School-Management-System-master/School-Management-System-master/SchoolManagementSystem/SchoolManagementSystem/src/principal.java</file>
            <file>file:/C:/Users/pramith/Desktop/School-Management-System-master/School-Management-System-master/SchoolManagementSystem/SchoolManagementSystem/src/dbCon.java</file>
            <file>file:/C:/Users/pramith/Desktop/School-Management-System-master/School-Management-System-master/SchoolManagementSystem/SchoolManagementSystem/src/viewPrincipal.java</file>
            <file>file:/C:/Users/pramith/Desktop/School-Management-System-master/School-Management-System-master/SchoolManagementSystem/SchoolManagementSystem/src/all%20pages%20background.png</file>
            <file>file:/C:/Users/pramith/Desktop/School-Management-System-master/School-Management-System-master/SchoolManagementSystem/SchoolManagementSystem/src/CurrentPrincipal.java</file>
            <file>file:/C:/Users/pramith/Desktop/School-Management-System-master/School-Management-System-master/SchoolManagementSystem/SchoolManagementSystem/src/LOGIN.jpeg</file>
            <file>file:/C:/Users/pramith/Desktop/School-Management-System-master/School-Management-System-master/SchoolManagementSystem/SchoolManagementSystem/src/Login.java</file>
            <file>file:/C:/Users/pramith/Desktop/School-Management-System-master/School-Management-System-master/SchoolManagementSystem/SchoolManagementSystem/src/AllStudents.java</file>
        </group>
    </open-files>
</project-private>
